date,open,high,low,close,volume
2021-03-05,830.0,839.0,800.0,831.0,94500
2021-03-08,840.0,850.0,827.0,833.0,56000
2021-03-09,832.0,859.0,825.0,844.0,50600
2021-03-10,844.0,867.0,839.0,852.0,42800
2021-03-11,855.0,875.0,839.0,864.0,70200
2021-03-12,874.0,895.0,864.0,895.0,103400
2021-03-15,905.0,910.0,874.0,881.0,134900
2021-03-16,883.0,890.0,865.0,873.0,55500
2021-03-17,868.0,883.0,865.0,879.0,32300
2021-03-18,886.0,905.0,882.0,901.0,67900
2021-03-19,892.0,897.0,885.0,894.0,34500
2021-03-22,886.0,891.0,878.0,887.0,38900
2021-03-23,887.0,892.0,876.0,879.0,45400
2021-03-24,875.0,875.0,843.0,848.0,77100
2021-03-25,848.0,860.0,842.0,860.0,31500
2021-03-26,861.0,885.0,852.0,881.0,48300
2021-03-29,851.0,884.0,850.0,858.0,101600
2021-03-30,850.0,864.0,847.0,856.0,34500
2021-03-31,856.0,868.0,848.0,849.0,26600
2021-04-01,862.0,862.0,842.0,844.0,44300
2021-04-02,855.0,870.0,846.0,869.0,50800
2021-04-05,875.0,890.0,862.0,876.0,97400
2021-04-06,876.0,888.0,852.0,853.0,62600
2021-04-07,855.0,858.0,841.0,857.0,68200
2021-04-08,858.0,858.0,832.0,833.0,40200
2021-04-09,834.0,842.0,827.0,833.0,39900
2021-04-12,833.0,834.0,821.0,831.0,30200
2021-04-13,832.0,846.0,830.0,840.0,22400
2021-04-14,840.0,840.0,834.0,837.0,23200
2021-04-15,835.0,840.0,833.0,834.0,17300
2021-04-16,842.0,845.0,831.0,840.0,55000
2021-04-19,855.0,873.0,845.0,864.0,104300
2021-04-20,851.0,875.0,844.0,853.0,59200
2021-04-21,840.0,844.0,814.0,825.0,103200
2021-04-22,827.0,834.0,820.0,823.0,38800
2021-04-23,820.0,834.0,811.0,819.0,49100
2021-04-26,820.0,824.0,795.0,808.0,65400
2021-04-27,808.0,808.0,793.0,803.0,53400
2021-04-28,803.0,809.0,793.0,798.0,48600
2021-04-30,800.0,803.0,792.0,796.0,37500
2021-05-06,802.0,805.0,783.0,792.0,90700
2021-05-07,799.0,818.0,793.0,803.0,87500
2021-05-10,798.0,820.0,796.0,812.0,72800
2021-05-11,825.0,825.0,803.0,816.0,90000
2021-05-12,804.0,824.0,787.0,801.0,78300
2021-05-13,788.0,808.0,784.0,787.0,58500
2021-05-14,791.0,799.0,782.0,793.0,33000
2021-05-17,798.0,798.0,768.0,773.0,61600
2021-05-18,778.0,790.0,771.0,785.0,44600
2021-05-19,776.0,803.0,776.0,796.0,20800
2021-05-20,795.0,815.0,795.0,814.0,23500
2021-05-21,807.0,821.0,807.0,814.0,21800
2021-05-24,824.0,824.0,805.0,815.0,13200
2021-05-25,823.0,823.0,811.0,816.0,13100
2021-05-26,816.0,817.0,803.0,803.0,28500
2021-05-27,801.0,806.0,790.0,790.0,32400
2021-05-28,793.0,798.0,788.0,793.0,17900
2021-05-31,790.0,792.0,779.0,784.0,19900
2021-06-01,781.0,791.0,781.0,788.0,24000
2021-06-02,791.0,794.0,782.0,782.0,13600
2021-06-03,780.0,790.0,778.0,780.0,47200
2021-06-04,777.0,777.0,767.0,767.0,40400
2021-06-07,765.0,777.0,764.0,768.0,32700
2021-06-08,779.0,779.0,771.0,774.0,14700
2021-06-09,771.0,781.0,770.0,777.0,31900
2021-06-10,774.0,782.0,772.0,777.0,24600
2021-06-11,775.0,780.0,773.0,777.0,16300
2021-06-14,782.0,783.0,775.0,777.0,24100
2021-06-15,777.0,782.0,774.0,779.0,14100
2021-06-16,777.0,782.0,774.0,779.0,14700
2021-06-17,776.0,781.0,773.0,777.0,15100
2021-06-18,773.0,777.0,770.0,773.0,22500
2021-06-21,769.0,769.0,757.0,765.0,37600
2021-06-22,769.0,775.0,759.0,774.0,28800
2021-06-23,776.0,780.0,767.0,769.0,15900
2021-06-24,771.0,772.0,763.0,765.0,11300
2021-06-25,767.0,776.0,765.0,771.0,25100
2021-06-28,771.0,782.0,771.0,779.0,20100
2021-06-29,779.0,789.0,778.0,786.0,33800
2021-06-30,784.0,791.0,782.0,788.0,16200
2021-07-01,788.0,796.0,782.0,792.0,15200
2021-07-02,792.0,796.0,791.0,795.0,10100
2021-07-05,795.0,795.0,789.0,793.0,6500
2021-07-06,789.0,792.0,777.0,779.0,15000
2021-07-07,779.0,784.0,771.0,771.0,19200
2021-07-08,768.0,771.0,764.0,765.0,15000
2021-07-09,763.0,770.0,759.0,765.0,14000
2021-07-12,765.0,775.0,765.0,767.0,14500
2021-07-13,768.0,775.0,764.0,768.0,11600
2021-07-14,768.0,771.0,767.0,768.0,7700
2021-07-15,769.0,771.0,767.0,771.0,5700
2021-07-16,767.0,772.0,766.0,770.0,3200
2021-07-19,765.0,768.0,755.0,761.0,23500
2021-07-20,750.0,765.0,750.0,754.0,18300
2021-07-21,755.0,760.0,751.0,757.0,14300
2021-07-26,758.0,761.0,751.0,753.0,20900
2021-07-27,753.0,755.0,750.0,754.0,7100
2021-07-28,750.0,756.0,743.0,748.0,13100
2021-07-29,743.0,751.0,742.0,743.0,13300
2021-07-30,745.0,750.0,735.0,747.0,37100
2021-08-02,810.0,825.0,800.0,824.0,170000
2021-08-03,820.0,846.0,808.0,836.0,49000
2021-08-04,839.0,864.0,822.0,855.0,78400
2021-08-05,843.0,852.0,820.0,823.0,66500
2021-08-06,823.0,827.0,812.0,824.0,14900
2021-08-10,828.0,829.0,814.0,825.0,30300
2021-08-11,835.0,838.0,820.0,831.0,27500
2021-08-12,831.0,831.0,815.0,820.0,17600
2021-08-13,831.0,834.0,810.0,819.0,20300
2021-08-16,804.0,817.0,793.0,800.0,38600
2021-08-17,803.0,805.0,796.0,797.0,12300
2021-08-18,797.0,820.0,794.0,812.0,18800
2021-08-19,812.0,840.0,806.0,817.0,33400
2021-08-20,811.0,817.0,787.0,790.0,32500
2021-08-23,799.0,812.0,793.0,809.0,20300
2021-08-24,815.0,846.0,815.0,843.0,63500
2021-08-25,850.0,888.0,850.0,887.0,163600
2021-08-26,890.0,892.0,871.0,873.0,62000
2021-08-27,870.0,877.0,857.0,877.0,24900
2021-08-30,872.0,891.0,871.0,882.0,48400
2021-08-31,888.0,909.0,884.0,902.0,68500
2021-09-01,902.0,902.0,883.0,890.0,31600
2021-09-02,900.0,900.0,861.0,873.0,31300
2021-09-03,867.0,877.0,862.0,865.0,23600
2021-09-06,868.0,878.0,867.0,870.0,20100
2021-09-07,869.0,875.0,865.0,868.0,12600
2021-09-08,868.0,868.0,851.0,857.0,38500
2021-09-09,854.0,871.0,840.0,868.0,54500
2021-09-10,862.0,880.0,861.0,878.0,26400
2021-09-13,885.0,899.0,885.0,899.0,53000
2021-09-14,899.0,899.0,888.0,888.0,23200
2021-09-15,881.0,884.0,865.0,868.0,33900
2021-09-16,870.0,870.0,845.0,855.0,23300
2021-09-17,870.0,870.0,861.0,867.0,18200
2021-09-21,843.0,850.0,834.0,846.0,32600
2021-09-22,841.0,846.0,830.0,830.0,20400
2021-09-24,845.0,854.0,837.0,854.0,29300
2021-09-27,858.0,865.0,848.0,853.0,18400
2021-09-28,850.0,855.0,838.0,838.0,17400
2021-09-29,847.0,847.0,828.0,829.0,22500
2021-09-30,830.0,831.0,818.0,818.0,15100
2021-10-01,815.0,816.0,797.0,800.0,27200
2021-10-04,802.0,808.0,779.0,785.0,42900
2021-10-05,768.0,780.0,744.0,767.0,76900
2021-10-06,774.0,794.0,767.0,767.0,30200
2021-10-07,775.0,777.0,764.0,765.0,17100
2021-10-08,770.0,808.0,770.0,797.0,27600
2021-10-11,797.0,809.0,797.0,800.0,18800
2021-10-12,798.0,804.0,790.0,797.0,11800
2021-10-13,797.0,803.0,795.0,795.0,15300
2021-10-14,795.0,798.0,789.0,789.0,3500
2021-10-15,789.0,811.0,789.0,801.0,36200
2021-10-18,811.0,813.0,798.0,812.0,31700
2021-10-19,808.0,813.0,806.0,806.0,6300
2021-10-20,805.0,810.0,801.0,809.0,19900
2021-10-21,809.0,815.0,800.0,805.0,26600
2021-10-22,799.0,810.0,799.0,803.0,11200
2021-10-25,803.0,805.0,792.0,792.0,12900
2021-10-26,801.0,810.0,797.0,810.0,8000
2021-10-27,810.0,810.0,798.0,801.0,8700
2021-10-28,808.0,808.0,800.0,805.0,12000
2021-10-29,808.0,821.0,799.0,816.0,50200
2021-11-01,803.0,803.0,765.0,774.0,124300
2021-11-02,780.0,804.0,780.0,804.0,41500
2021-11-04,800.0,802.0,790.0,794.0,20700
2021-11-05,789.0,793.0,780.0,787.0,10400
2021-11-08,783.0,784.0,772.0,774.0,20800
2021-11-09,772.0,780.0,764.0,764.0,15700
2021-11-10,775.0,780.0,768.0,780.0,18900
2021-11-11,775.0,776.0,767.0,767.0,10700
2021-11-12,771.0,782.0,770.0,777.0,17600
2021-11-15,780.0,780.0,773.0,776.0,18700
2021-11-16,773.0,779.0,768.0,769.0,39900
2021-11-17,769.0,769.0,754.0,757.0,27100
2021-11-18,753.0,754.0,740.0,749.0,36700
2021-11-19,747.0,747.0,735.0,740.0,24300
2021-11-22,740.0,740.0,728.0,733.0,42800
2021-11-24,744.0,744.0,721.0,724.0,26300
2021-11-25,724.0,726.0,719.0,723.0,20000
2021-11-26,723.0,724.0,700.0,707.0,34100
2021-11-29,682.0,700.0,682.0,682.0,32700
2021-11-30,700.0,702.0,678.0,684.0,18000
2021-12-01,694.0,694.0,672.0,689.0,21600
2021-12-02,679.0,686.0,666.0,673.0,23900
2021-12-03,667.0,683.0,664.0,683.0,22300
2021-12-06,685.0,686.0,677.0,677.0,10100
2021-12-07,679.0,694.0,679.0,694.0,10400
2021-12-08,700.0,712.0,700.0,707.0,39900
2021-12-09,707.0,710.0,702.0,704.0,63500
2021-12-10,703.0,703.0,693.0,693.0,12800
2021-12-13,705.0,710.0,694.0,710.0,11400
2021-12-14,713.0,714.0,702.0,708.0,18500
2021-12-15,709.0,724.0,708.0,714.0,25700
2021-12-16,722.0,722.0,708.0,711.0,12200
2021-12-17,702.0,708.0,698.0,698.0,9300
2021-12-20,694.0,697.0,676.0,676.0,15300
2021-12-21,676.0,690.0,667.0,690.0,29200
2021-12-22,689.0,713.0,682.0,710.0,36800
2021-12-23,710.0,716.0,699.0,699.0,14200
2021-12-24,699.0,699.0,691.0,693.0,29900
2021-12-27,693.0,694.0,680.0,680.0,33000
2021-12-28,687.0,691.0,680.0,680.0,30400
2021-12-29,683.0,726.0,683.0,726.0,43300
2021-12-30,726.0,726.0,695.0,718.0,25000
2022-01-04,720.0,720.0,709.0,715.0,16200
2022-01-05,713.0,713.0,701.0,707.0,4500
2022-01-06,700.0,708.0,698.0,701.0,9200
2022-01-07,703.0,713.0,698.0,699.0,14100
2022-01-11,705.0,707.0,699.0,707.0,5500
2022-01-12,707.0,712.0,693.0,707.0,14900
2022-01-13,704.0,705.0,694.0,699.0,5000
2022-01-14,699.0,705.0,673.0,697.0,33600
2022-01-17,702.0,702.0,690.0,690.0,2900
2022-01-18,680.0,693.0,680.0,686.0,7000
2022-01-19,684.0,688.0,676.0,676.0,11600
2022-01-20,677.0,686.0,677.0,681.0,4900
2022-01-21,683.0,687.0,676.0,683.0,4900
2022-01-24,682.0,689.0,680.0,684.0,4900
2022-01-25,680.0,680.0,676.0,676.0,13400
2022-01-26,677.0,677.0,667.0,676.0,22900
2022-01-27,671.0,671.0,633.0,633.0,34300
2022-01-28,643.0,650.0,637.0,647.0,10700
2022-01-31,654.0,685.0,653.0,684.0,19800
2022-02-01,690.0,695.0,680.0,690.0,56400
2022-02-02,691.0,696.0,686.0,692.0,14300
2022-02-03,690.0,690.0,683.0,690.0,15200
2022-02-04,692.0,692.0,680.0,690.0,15000
2022-02-07,690.0,693.0,684.0,684.0,8300
2022-02-08,684.0,686.0,645.0,656.0,89700
2022-02-09,657.0,682.0,657.0,671.0,25800
2022-02-10,673.0,680.0,662.0,668.0,21200
2022-02-14,663.0,663.0,654.0,657.0,18200
2022-02-15,658.0,663.0,650.0,653.0,16600
2022-02-16,656.0,665.0,656.0,663.0,18900
2022-02-17,663.0,664.0,654.0,656.0,8200
2022-02-18,657.0,657.0,647.0,654.0,6900
2022-02-21,651.0,651.0,646.0,648.0,4400
2022-02-22,649.0,660.0,647.0,655.0,14400
2022-02-24,635.0,647.0,628.0,642.0,30000
2022-02-25,637.0,652.0,637.0,652.0,7300
2022-02-28,653.0,661.0,644.0,661.0,12000
2022-03-01,660.0,688.0,660.0,688.0,43100
2022-03-02,674.0,686.0,671.0,677.0,30900
2022-03-03,687.0,687.0,678.0,686.0,16900
2022-03-04,684.0,684.0,667.0,681.0,17700
2022-03-07,665.0,671.0,655.0,660.0,16200
2022-03-08,653.0,664.0,641.0,643.0,15400
2022-03-09,643.0,657.0,639.0,641.0,10600
2022-03-10,653.0,664.0,653.0,660.0,12300
2022-03-11,657.0,660.0,645.0,649.0,13400
2022-03-14,651.0,659.0,651.0,653.0,7200
2022-03-15,652.0,658.0,651.0,656.0,7600
2022-03-16,658.0,669.0,658.0,662.0,11600
2022-03-17,675.0,676.0,664.0,668.0,14700
2022-03-18,675.0,679.0,670.0,679.0,13300
2022-03-22,679.0,686.0,675.0,686.0,17000
2022-03-23,686.0,699.0,683.0,695.0,29000
2022-03-24,687.0,705.0,686.0,705.0,17800
2022-03-25,708.0,708.0,695.0,706.0,18800
2022-03-28,706.0,709.0,698.0,708.0,11500
2022-03-29,707.0,713.0,700.0,707.0,26200
2022-03-30,697.0,704.0,690.0,698.0,13200
2022-03-31,708.0,716.0,701.0,710.0,36400
2022-04-01,700.0,710.0,696.0,710.0,9300
2022-04-04,711.0,718.0,710.0,713.0,10100
2022-04-05,714.0,735.0,714.0,725.0,38600
2022-04-06,725.0,729.0,708.0,729.0,26100
2022-04-07,711.0,711.0,691.0,695.0,25100
2022-04-08,704.0,704.0,693.0,695.0,8100
2022-04-11,694.0,695.0,684.0,686.0,6800
2022-04-12,683.0,687.0,675.0,675.0,9200
2022-04-13,678.0,691.0,678.0,688.0,9600
2022-04-14,680.0,694.0,680.0,688.0,6900
2022-04-15,688.0,690.0,683.0,688.0,6400
2022-04-18,686.0,688.0,657.0,665.0,97900
2022-04-19,675.0,679.0,668.0,670.0,9800
2022-04-20,670.0,674.0,667.0,671.0,5700
2022-04-21,680.0,680.0,674.0,678.0,4700
2022-04-22,672.0,675.0,671.0,673.0,4800
2022-04-25,665.0,671.0,662.0,666.0,6500
2022-04-26,668.0,670.0,661.0,666.0,7200
2022-04-27,659.0,665.0,659.0,662.0,5900
2022-04-28,662.0,684.0,662.0,684.0,17900
2022-05-02,674.0,679.0,663.0,666.0,19200
2022-05-06,670.0,673.0,663.0,673.0,6900
2022-05-09,668.0,672.0,661.0,661.0,8300
2022-05-10,661.0,661.0,653.0,658.0,12900
2022-05-11,658.0,659.0,652.0,653.0,4600
2022-05-12,652.0,652.0,639.0,640.0,20700
2022-05-13,643.0,647.0,642.0,642.0,10900
2022-05-16,642.0,648.0,640.0,640.0,6500
2022-05-17,640.0,644.0,639.0,642.0,5900
2022-05-18,643.0,663.0,643.0,663.0,15900
2022-05-19,653.0,662.0,653.0,662.0,11900
2022-05-20,662.0,667.0,660.0,665.0,6900
2022-05-23,665.0,672.0,661.0,669.0,14300
2022-05-24,669.0,671.0,664.0,668.0,3100
2022-05-25,669.0,672.0,664.0,671.0,4700
2022-05-26,671.0,675.0,669.0,670.0,8400
2022-05-27,671.0,677.0,664.0,670.0,7700
2022-05-30,670.0,673.0,668.0,670.0,6500
2022-05-31,670.0,674.0,669.0,671.0,7200
2022-06-01,669.0,676.0,668.0,674.0,4400
2022-06-02,675.0,677.0,670.0,677.0,4500
2022-06-03,677.0,683.0,675.0,681.0,9500
2022-06-06,673.0,682.0,673.0,676.0,6000
2022-06-07,677.0,682.0,675.0,678.0,9400
2022-06-08,678.0,678.0,674.0,674.0,5900
2022-06-09,670.0,675.0,670.0,673.0,14600
2022-06-10,670.0,675.0,670.0,675.0,4000
2022-06-13,673.0,673.0,666.0,671.0,4000
2022-06-14,671.0,672.0,664.0,669.0,9700
2022-06-15,667.0,671.0,666.0,667.0,5200
2022-06-16,669.0,672.0,666.0,666.0,4200
2022-06-17,657.0,659.0,650.0,659.0,5400
2022-06-20,662.0,663.0,644.0,644.0,12300
2022-06-21,656.0,675.0,646.0,667.0,12300
2022-06-22,673.0,673.0,660.0,661.0,16300
2022-06-23,663.0,672.0,663.0,663.0,18200
2022-06-24,665.0,681.0,665.0,676.0,8100
2022-06-27,676.0,680.0,676.0,677.0,13400
2022-06-28,677.0,683.0,677.0,679.0,4600
2022-06-29,680.0,682.0,679.0,682.0,10700
2022-06-30,686.0,686.0,679.0,679.0,7600
2022-07-01,685.0,685.0,670.0,676.0,3600
2022-07-04,681.0,681.0,671.0,679.0,5300
2022-07-05,675.0,682.0,671.0,682.0,6200
2022-07-06,679.0,680.0,669.0,672.0,8100
2022-07-07,672.0,675.0,668.0,670.0,7800
2022-07-08,671.0,672.0,669.0,669.0,1500
2022-07-11,675.0,680.0,673.0,675.0,7500
2022-07-12,675.0,678.0,668.0,669.0,5400
2022-07-13,671.0,672.0,667.0,669.0,3400
2022-07-14,667.0,671.0,667.0,669.0,1500
2022-07-15,673.0,673.0,667.0,671.0,2200
2022-07-19,671.0,671.0,669.0,671.0,1200
2022-07-20,677.0,677.0,672.0,677.0,3100
2022-07-21,677.0,680.0,675.0,680.0,2200
2022-07-22,677.0,690.0,676.0,689.0,17400
2022-07-25,689.0,691.0,685.0,691.0,4100
2022-07-26,693.0,700.0,691.0,697.0,9900
2022-07-27,697.0,700.0,688.0,700.0,16600
2022-07-28,693.0,700.0,686.0,697.0,8200
2022-07-29,697.0,697.0,687.0,687.0,15900
2022-08-01,721.0,722.0,705.0,717.0,30400
2022-08-02,713.0,717.0,712.0,713.0,13000
2022-08-03,713.0,718.0,711.0,716.0,8500
2022-08-04,719.0,719.0,711.0,717.0,12300
2022-08-05,716.0,719.0,715.0,715.0,7800
2022-08-08,725.0,725.0,715.0,718.0,13200
2022-08-09,716.0,723.0,709.0,710.0,13400
2022-08-10,712.0,712.0,706.0,707.0,7300
2022-08-12,711.0,714.0,709.0,714.0,4000
2022-08-15,715.0,716.0,711.0,716.0,7500
2022-08-16,716.0,716.0,710.0,713.0,7200
2022-08-17,714.0,717.0,712.0,715.0,11200
2022-08-18,715.0,716.0,712.0,715.0,9100
2022-08-19,716.0,716.0,713.0,713.0,6700
2022-08-22,713.0,713.0,707.0,711.0,5300
2022-08-23,702.0,707.0,701.0,706.0,10700
2022-08-24,706.0,717.0,704.0,714.0,40100
2022-08-25,717.0,719.0,711.0,711.0,11200
2022-08-26,719.0,724.0,714.0,714.0,92500
2022-08-29,713.0,713.0,704.0,710.0,4200
2022-08-30,712.0,723.0,712.0,715.0,8800
2022-08-31,715.0,720.0,715.0,718.0,7000
2022-09-01,718.0,718.0,707.0,707.0,6500
2022-09-02,707.0,713.0,704.0,705.0,11900
2022-09-05,706.0,707.0,697.0,703.0,9700
2022-09-06,705.0,716.0,703.0,714.0,10100
2022-09-07,714.0,714.0,705.0,705.0,8600
2022-09-08,714.0,717.0,709.0,714.0,7400
2022-09-09,714.0,716.0,713.0,714.0,6400
2022-09-12,714.0,718.0,712.0,713.0,9500
2022-09-13,715.0,715.0,710.0,714.0,9400
2022-09-14,709.0,718.0,706.0,718.0,7800
2022-09-15,719.0,719.0,710.0,714.0,20700
2022-09-16,712.0,715.0,707.0,710.0,11000
2022-09-20,710.0,714.0,707.0,710.0,8400
2022-09-21,711.0,715.0,710.0,711.0,5900
2022-09-22,711.0,717.0,687.0,714.0,13400
2022-09-26,714.0,714.0,703.0,709.0,10000
2022-09-27,708.0,715.0,708.0,709.0,4400
2022-09-28,708.0,714.0,698.0,707.0,10100
2022-09-29,707.0,716.0,707.0,709.0,11400
2022-09-30,709.0,714.0,707.0,710.0,6200
2022-10-03,710.0,716.0,709.0,716.0,6600
2022-10-04,718.0,718.0,709.0,710.0,12800
2022-10-05,714.0,718.0,711.0,711.0,11400
2022-10-06,714.0,716.0,711.0,711.0,4700
2022-10-07,709.0,715.0,707.0,714.0,3900
2022-10-11,714.0,717.0,709.0,710.0,7800
2022-10-12,711.0,717.0,706.0,710.0,6800
2022-10-13,712.0,716.0,709.0,716.0,2400
2022-10-14,717.0,719.0,716.0,719.0,8400
2022-10-17,714.0,723.0,714.0,722.0,7000
2022-10-18,724.0,740.0,724.0,736.0,12100
2022-10-19,740.0,744.0,730.0,730.0,10300
2022-10-20,732.0,743.0,732.0,734.0,5400
2022-10-21,735.0,737.0,735.0,736.0,3400
2022-10-24,738.0,740.0,736.0,736.0,6800
2022-10-25,740.0,740.0,735.0,736.0,5200
2022-10-26,737.0,737.0,733.0,734.0,8200
2022-10-27,735.0,737.0,726.0,732.0,5400
2022-10-28,725.0,739.0,725.0,735.0,5500
2022-10-31,735.0,738.0,729.0,734.0,11400
2022-11-01,755.0,762.0,752.0,758.0,29800
2022-11-02,762.0,762.0,746.0,748.0,10400
2022-11-04,742.0,751.0,742.0,749.0,9800
2022-11-07,748.0,752.0,745.0,748.0,12000
2022-11-08,748.0,759.0,742.0,750.0,16200
2022-11-09,750.0,754.0,745.0,751.0,15300
2022-11-10,751.0,751.0,738.0,750.0,34500
2022-11-11,751.0,756.0,748.0,750.0,10200
2022-11-14,755.0,760.0,750.0,753.0,21200
2022-11-15,753.0,755.0,750.0,754.0,9300
2022-11-16,758.0,765.0,753.0,757.0,25700
2022-11-17,757.0,770.0,756.0,762.0,34000
2022-11-18,773.0,789.0,762.0,779.0,41400
2022-11-21,779.0,821.0,779.0,815.0,80100
2022-11-22,818.0,825.0,813.0,815.0,30900
2022-11-24,824.0,828.0,816.0,823.0,53500
2022-11-25,849.0,849.0,826.0,845.0,59400
2022-11-28,845.0,848.0,826.0,827.0,48900
2022-11-29,822.0,835.0,817.0,825.0,29400
2022-11-30,817.0,834.0,808.0,827.0,29800
2022-12-01,834.0,841.0,821.0,830.0,16400
2022-12-02,824.0,827.0,811.0,813.0,15600
2022-12-05,806.0,815.0,802.0,806.0,18900
2022-12-06,807.0,808.0,802.0,803.0,8000
2022-12-07,788.0,814.0,783.0,814.0,28900
2022-12-08,809.0,809.0,788.0,803.0,15800
2022-12-09,802.0,810.0,780.0,806.0,30400
2022-12-12,809.0,812.0,805.0,811.0,8800
2022-12-13,811.0,813.0,804.0,804.0,15000
2022-12-14,808.0,809.0,803.0,804.0,14400
2022-12-15,804.0,808.0,801.0,806.0,7300
2022-12-16,802.0,814.0,802.0,813.0,26900
2022-12-19,810.0,819.0,808.0,818.0,13200
2022-12-20,816.0,822.0,794.0,803.0,41200
2022-12-21,803.0,817.0,797.0,817.0,27200
2022-12-22,817.0,827.0,813.0,825.0,16900
2022-12-23,823.0,826.0,816.0,823.0,16300
2022-12-26,823.0,826.0,812.0,821.0,18600
2022-12-27,817.0,825.0,808.0,813.0,9400
2022-12-28,814.0,814.0,791.0,806.0,17300
2022-12-29,814.0,814.0,802.0,814.0,13200
2022-12-30,814.0,814.0,805.0,805.0,16700
2023-01-04,805.0,813.0,805.0,811.0,13000
2023-01-05,811.0,811.0,801.0,801.0,13400
2023-01-06,807.0,807.0,793.0,793.0,9900
2023-01-10,794.0,803.0,794.0,796.0,14800
2023-01-11,796.0,803.0,790.0,791.0,62700
2023-01-12,796.0,805.0,796.0,796.0,6400
2023-01-13,801.0,803.0,793.0,794.0,13400
2023-01-16,795.0,801.0,795.0,800.0,12000
2023-01-17,803.0,804.0,790.0,796.0,13500
2023-01-18,796.0,805.0,796.0,802.0,8000
2023-01-19,805.0,805.0,797.0,798.0,7500
2023-01-20,800.0,804.0,799.0,799.0,5100
2023-01-23,802.0,803.0,798.0,802.0,7300
2023-01-24,801.0,805.0,800.0,805.0,10800
2023-01-25,805.0,810.0,804.0,807.0,13600
2023-01-26,811.0,815.0,803.0,808.0,18400
2023-01-27,811.0,813.0,809.0,810.0,6500
2023-01-30,817.0,817.0,809.0,815.0,8500
2023-01-31,814.0,816.0,809.0,811.0,24900
2023-02-01,916.0,935.0,876.0,901.0,461100
2023-02-02,914.0,920.0,888.0,911.0,130800
2023-02-03,918.0,923.0,906.0,909.0,49200
2023-02-06,912.0,924.0,910.0,914.0,65900
2023-02-07,929.0,945.0,923.0,943.0,110100
2023-02-08,948.0,948.0,930.0,935.0,100900
2023-02-09,936.0,952.0,934.0,941.0,73500
2023-02-10,944.0,944.0,927.0,930.0,50900
2023-02-13,929.0,936.0,913.0,919.0,41200
2023-02-14,923.0,932.0,919.0,922.0,44000
2023-02-15,928.0,928.0,916.0,920.0,44200
2023-02-16,925.0,931.0,911.0,927.0,75600
2023-02-17,927.0,952.0,924.0,951.0,95500
2023-02-20,962.0,992.0,958.0,991.0,103300
2023-02-21,983.0,991.0,975.0,979.0,39400
2023-02-22,974.0,1000.0,970.0,988.0,61600
2023-02-24,990.0,993.0,977.0,980.0,39800
2023-02-27,979.0,983.0,970.0,983.0,28400
2023-02-28,981.0,985.0,976.0,981.0,23400
2023-03-01,981.0,990.0,975.0,984.0,37900
2023-03-02,987.0,988.0,977.0,983.0,31700
2023-03-03,982.0,992.0,981.0,988.0,46800
2023-03-06,991.0,1020.0,984.0,994.0,119600
2023-03-07,999.0,1041.0,996.0,1014.0,116500
2023-03-08,1020.0,1058.0,1005.0,1048.0,81300
2023-03-09,1050.0,1053.0,1027.0,1034.0,47500
2023-03-10,1025.0,1031.0,1004.0,1007.0,39700
2023-03-13,986.0,990.0,955.0,970.0,63300
2023-03-14,952.0,965.0,932.0,932.0,71700
2023-03-15,947.0,963.0,947.0,963.0,34800
2023-03-16,939.0,944.0,924.0,933.0,32600
2023-03-17,944.0,962.0,940.0,955.0,30600
2023-03-20,949.0,955.0,937.0,950.0,47800
2023-03-22,963.0,968.0,950.0,964.0,48500
2023-03-23,963.0,966.0,949.0,962.0,23100
2023-03-24,967.0,980.0,960.0,976.0,43400
2023-03-27,984.0,984.0,971.0,973.0,22100
2023-03-28,973.0,988.0,961.0,964.0,33000
2023-03-29,961.0,976.0,961.0,970.0,35100
2023-03-30,950.0,956.0,944.0,948.0,19100
2023-03-31,950.0,956.0,940.0,949.0,26900
2023-04-03,961.0,975.0,959.0,962.0,48600
2023-04-04,968.0,968.0,953.0,957.0,18700
2023-04-05,948.0,952.0,939.0,942.0,32900
2023-04-06,950.0,961.0,944.0,952.0,61400
2023-04-07,960.0,973.0,956.0,972.0,36300
2023-04-10,979.0,1017.0,979.0,1017.0,52500
2023-04-11,1035.0,1035.0,1005.0,1009.0,49800
2023-04-12,1002.0,1009.0,994.0,1004.0,35400
2023-04-13,1004.0,1018.0,998.0,1012.0,13900
2023-04-14,1015.0,1018.0,1006.0,1009.0,16900
2023-04-17,1015.0,1016.0,1001.0,1010.0,26800
2023-04-18,1010.0,1046.0,1010.0,1044.0,33800
2023-04-19,1047.0,1077.0,1042.0,1050.0,91800
2023-04-20,1041.0,1042.0,1013.0,1015.0,42200
2023-04-21,1006.0,1006.0,986.0,991.0,45500
2023-04-24,995.0,1018.0,992.0,1012.0,14400
2023-04-25,1015.0,1016.0,991.0,999.0,12500
2023-04-26,990.0,995.0,975.0,978.0,22100
2023-04-27,976.0,991.0,973.0,985.0,10100
2023-04-28,992.0,1000.0,985.0,997.0,10700
2023-05-01,997.0,1002.0,996.0,1001.0,17700
2023-05-02,1001.0,1017.0,993.0,1006.0,24300
2023-05-08,1040.0,1078.0,1031.0,1078.0,100500
2023-05-09,1080.0,1089.0,1070.0,1071.0,35900
2023-05-10,1071.0,1071.0,1043.0,1051.0,35500
2023-05-11,1051.0,1057.0,1046.0,1052.0,14400
2023-05-12,1046.0,1046.0,1016.0,1023.0,73700
2023-05-15,995.0,995.0,919.0,931.0,169300
2023-05-16,937.0,946.0,920.0,932.0,58700
2023-05-17,930.0,930.0,901.0,908.0,74400
2023-05-18,919.0,919.0,897.0,913.0,51900
2023-05-19,920.0,939.0,920.0,939.0,48100
2023-05-22,939.0,976.0,938.0,969.0,50700
2023-05-23,967.0,967.0,937.0,942.0,38900
2023-05-24,940.0,960.0,940.0,959.0,15100
2023-05-25,959.0,967.0,953.0,959.0,14600
2023-05-26,965.0,965.0,952.0,952.0,11200
2023-05-29,967.0,967.0,952.0,958.0,12000
2023-05-30,958.0,963.0,946.0,963.0,15200
2023-05-31,956.0,977.0,949.0,952.0,29600
2023-06-01,952.0,979.0,952.0,972.0,19700
2023-06-02,973.0,984.0,966.0,974.0,16600
2023-06-05,988.0,992.0,981.0,987.0,21700
2023-06-06,995.0,1030.0,987.0,1027.0,82900
2023-06-07,1028.0,1028.0,999.0,1006.0,44600
2023-06-08,1001.0,1025.0,1001.0,1008.0,29200
2023-06-09,1011.0,1028.0,1010.0,1022.0,21700
2023-06-12,1028.0,1040.0,1025.0,1036.0,30500
2023-06-13,1040.0,1041.0,1016.0,1016.0,36600
2023-06-14,1020.0,1029.0,1020.0,1024.0,21600
2023-06-15,1024.0,1032.0,1003.0,1018.0,20300
2023-06-16,1022.0,1031.0,1018.0,1024.0,25200
2023-06-19,1035.0,1048.0,1028.0,1047.0,35800
2023-06-20,1040.0,1047.0,1030.0,1039.0,27400
2023-06-21,1038.0,1052.0,1038.0,1050.0,18100
2023-06-22,1045.0,1050.0,1019.0,1022.0,23400
2023-06-23,1029.0,1046.0,1022.0,1044.0,30900
2023-06-26,1044.0,1066.0,1026.0,1052.0,71100
2023-06-27,1052.0,1057.0,1040.0,1053.0,26400
2023-06-28,1053.0,1074.0,1053.0,1072.0,28300
2023-06-29,1074.0,1079.0,1053.0,1058.0,15300
2023-06-30,1066.0,1066.0,1046.0,1046.0,11600
2023-07-03,1056.0,1056.0,1038.0,1039.0,14400
2023-07-04,1030.0,1044.0,1024.0,1032.0,11400
2023-07-05,1032.0,1032.0,1011.0,1029.0,35400
2023-07-06,1021.0,1028.0,1004.0,1014.0,23800
2023-07-07,1015.0,1017.0,1000.0,1015.0,6100
2023-07-10,1026.0,1026.0,1006.0,1010.0,11300
2023-07-11,1009.0,1022.0,1009.0,1020.0,4300
2023-07-12,1023.0,1023.0,1005.0,1013.0,12600
2023-07-13,1005.0,1023.0,1005.0,1023.0,11000
2023-07-14,1025.0,1025.0,1006.0,1013.0,8600
2023-07-18,1016.0,1016.0,988.0,993.0,23400
2023-07-19,1007.0,1007.0,997.0,1006.0,11600
2023-07-20,999.0,1007.0,999.0,1007.0,5700
2023-07-21,1007.0,1007.0,990.0,995.0,10800
2023-07-24,995.0,1003.0,990.0,996.0,15000
2023-07-25,997.0,997.0,973.0,980.0,27600
2023-07-26,978.0,978.0,965.0,975.0,11800
2023-07-27,978.0,982.0,976.0,978.0,8800
2023-07-28,978.0,980.0,958.0,967.0,34500
2023-07-31,967.0,973.0,957.0,965.0,27700
2023-08-01,950.0,955.0,942.0,946.0,39500
2023-08-02,937.0,948.0,923.0,931.0,24800
2023-08-03,929.0,934.0,900.0,923.0,27800
2023-08-04,928.0,940.0,917.0,935.0,21900
2023-08-07,935.0,940.0,925.0,940.0,6800
2023-08-08,940.0,942.0,922.0,924.0,29200
2023-08-09,934.0,935.0,919.0,934.0,11400
2023-08-10,940.0,941.0,924.0,937.0,30100
2023-08-14,1021.0,1021.0,999.0,1014.0,90500
2023-08-15,1014.0,1017.0,986.0,1009.0,43700
2023-08-16,1001.0,1014.0,1001.0,1008.0,8600
2023-08-17,1006.0,1012.0,995.0,1009.0,20300
2023-08-18,993.0,1009.0,993.0,1001.0,10400
2023-08-21,1001.0,1015.0,1000.0,1010.0,9000
2023-08-22,1013.0,1013.0,1000.0,1004.0,5700
2023-08-23,1002.0,1007.0,1000.0,1001.0,4800
2023-08-24,1003.0,1013.0,1001.0,1005.0,16400
2023-08-25,1005.0,1013.0,1001.0,1011.0,13400
2023-08-28,1019.0,1019.0,1004.0,1008.0,24700
2023-08-29,1013.0,1013.0,1005.0,1013.0,5700
2023-08-30,1007.0,1013.0,1007.0,1012.0,9000
2023-08-31,1010.0,1015.0,1007.0,1015.0,7000
2023-09-01,1011.0,1015.0,1010.0,1015.0,3800
2023-09-04,1019.0,1037.0,1016.0,1019.0,20800
2023-09-05,1018.0,1024.0,1016.0,1016.0,6300
2023-09-06,1020.0,1021.0,1014.0,1020.0,14500
2023-09-07,1017.0,1020.0,1013.0,1013.0,8200
2023-09-08,1013.0,1013.0,1002.0,1002.0,11200
2023-09-11,1007.0,1010.0,999.0,1001.0,11900
2023-09-12,1018.0,1065.0,1011.0,1030.0,137000
2023-09-13,1049.0,1049.0,1025.0,1032.0,28100
2023-09-14,1032.0,1045.0,1019.0,1021.0,27700
2023-09-15,1021.0,1024.0,1016.0,1020.0,11800
2023-09-19,1014.0,1019.0,999.0,1019.0,26100
2023-09-20,1018.0,1019.0,1006.0,1006.0,9700
2023-09-21,1002.0,1009.0,997.0,1007.0,12000
2023-09-22,992.0,1018.0,992.0,1008.0,18000
2023-09-25,1015.0,1019.0,1011.0,1017.0,3700
2023-09-26,1016.0,1016.0,1007.0,1010.0,4700
2023-09-27,1013.0,1022.0,1013.0,1018.0,9500
2023-09-28,1018.0,1021.0,1015.0,1015.0,1500
2023-09-29,1017.0,1027.0,1016.0,1017.0,7600
2023-10-02,1023.0,1031.0,1015.0,1015.0,16300
2023-10-03,1027.0,1027.0,997.0,997.0,22000
2023-10-04,971.0,1004.0,970.0,976.0,35500
2023-10-05,982.0,1012.0,977.0,1012.0,7600
2023-10-06,1013.0,1014.0,1005.0,1014.0,1800
2023-10-10,1018.0,1020.0,1009.0,1012.0,5400
2023-10-11,1012.0,1020.0,1008.0,1012.0,5600
2023-10-12,1010.0,1018.0,1007.0,1017.0,8600
2023-10-13,1007.0,1013.0,1005.0,1013.0,5400
2023-10-16,1012.0,1012.0,998.0,1004.0,8700
2023-10-17,1018.0,1020.0,1007.0,1017.0,7700
2023-10-18,1014.0,1027.0,1004.0,1027.0,13200
2023-10-19,1011.0,1020.0,1006.0,1006.0,4400
2023-10-20,1006.0,1014.0,996.0,996.0,7200
2023-10-23,998.0,999.0,983.0,983.0,11900
2023-10-24,985.0,1010.0,966.0,991.0,8900
2023-10-25,996.0,1008.0,992.0,998.0,6500
2023-10-26,988.0,1000.0,984.0,984.0,10800
2023-10-27,984.0,994.0,982.0,994.0,3000
2023-10-30,994.0,1029.0,987.0,1028.0,21300
2023-10-31,1021.0,1021.0,1007.0,1010.0,8000
2023-11-01,1015.0,1017.0,1006.0,1012.0,6300
2023-11-02,1018.0,1025.0,961.0,1018.0,47600
2023-11-06,1022.0,1025.0,1016.0,1018.0,9500
2023-11-07,1013.0,1028.0,1013.0,1022.0,6100
2023-11-08,1023.0,1025.0,982.0,994.0,54200
2023-11-09,1007.0,1007.0,986.0,1004.0,8900
2023-11-10,980.0,1015.0,960.0,985.0,68600
2023-11-13,982.0,985.0,976.0,979.0,11000
2023-11-14,981.0,985.0,980.0,984.0,4700
2023-11-15,995.0,998.0,981.0,990.0,5500
2023-11-16,989.0,989.0,980.0,985.0,4300
2023-11-17,985.0,996.0,982.0,992.0,3900
2023-11-20,992.0,998.0,985.0,992.0,5100
2023-11-21,997.0,1012.0,995.0,1005.0,10300
2023-11-22,1001.0,1021.0,1001.0,1019.0,21200
2023-11-24,1019.0,1025.0,1013.0,1016.0,12300
2023-11-27,1017.0,1024.0,1011.0,1014.0,6800
2023-11-28,1006.0,1018.0,1006.0,1009.0,1900
2023-11-29,1015.0,1015.0,1003.0,1012.0,4800
2023-11-30,1010.0,1018.0,1005.0,1008.0,11300
2023-12-01,1008.0,1015.0,1006.0,1010.0,7000
2023-12-04,1018.0,1018.0,1006.0,1006.0,1800
2023-12-05,1006.0,1007.0,995.0,995.0,17900
2023-12-06,995.0,1007.0,995.0,1001.0,1700
2023-12-07,1001.0,1005.0,997.0,997.0,1900
2023-12-08,997.0,997.0,988.0,995.0,5700
2023-12-11,998.0,1000.0,990.0,994.0,9300
2023-12-12,995.0,1000.0,987.0,988.0,6300
2023-12-13,988.0,993.0,983.0,985.0,7600
2023-12-14,990.0,990.0,967.0,971.0,9100
2023-12-15,975.0,975.0,960.0,960.0,15100
2023-12-18,961.0,972.0,958.0,962.0,24500
2023-12-19,963.0,973.0,963.0,969.0,5800
2023-12-20,969.0,975.0,965.0,973.0,8600
2023-12-21,970.0,974.0,968.0,974.0,13100
2023-12-22,974.0,974.0,965.0,966.0,9300
2023-12-25,964.0,974.0,963.0,972.0,10400
2023-12-26,972.0,976.0,971.0,972.0,11800
2023-12-27,972.0,977.0,964.0,973.0,4900
2023-12-28,976.0,983.0,972.0,981.0,8700
2023-12-29,981.0,985.0,980.0,980.0,7300
2024-01-04,976.0,982.0,972.0,982.0,6800
2024-01-05,980.0,983.0,980.0,981.0,5200
2024-01-09,980.0,989.0,979.0,983.0,13700
2024-01-10,988.0,988.0,982.0,984.0,9700
2024-01-11,985.0,989.0,985.0,987.0,14000
2024-01-12,987.0,990.0,983.0,985.0,8900
2024-01-15,985.0,990.0,984.0,990.0,11600
2024-01-16,990.0,991.0,985.0,988.0,9500
2024-01-17,987.0,990.0,976.0,978.0,15600
2024-01-18,977.0,981.0,973.0,980.0,8200
2024-01-19,977.0,988.0,976.0,988.0,13600
2024-01-22,988.0,995.0,982.0,990.0,24500
2024-01-23,991.0,993.0,984.0,984.0,16000
2024-01-24,982.0,987.0,982.0,986.0,9000
2024-01-25,986.0,990.0,983.0,986.0,9100
2024-01-26,987.0,987.0,981.0,984.0,8900
2024-01-29,994.0,996.0,989.0,993.0,11800
2024-01-30,997.0,1006.0,997.0,1004.0,9500
2024-01-31,1005.0,1010.0,998.0,1010.0,12100
2024-02-01,1007.0,1012.0,998.0,1003.0,9600
2024-02-02,1013.0,1032.0,1010.0,1025.0,34400
2024-02-05,1030.0,1030.0,1023.0,1030.0,7700
2024-02-06,1030.0,1030.0,1021.0,1025.0,8500
2024-02-07,1031.0,1036.0,1025.0,1033.0,12500
2024-02-08,1033.0,1033.0,1021.0,1030.0,5800
2024-02-09,1030.0,1030.0,1000.0,1002.0,23900
2024-02-13,1002.0,1022.0,1001.0,1006.0,53900
2024-02-14,1006.0,1012.0,1003.0,1005.0,15300
2024-02-15,1009.0,1017.0,1005.0,1016.0,11900
2024-02-16,1016.0,1027.0,1014.0,1020.0,15400
2024-02-19,1028.0,1037.0,1025.0,1037.0,12300
2024-02-20,1040.0,1067.0,1040.0,1063.0,42400
2024-02-21,1063.0,1073.0,1056.0,1056.0,20000
2024-02-22,1064.0,1067.0,1057.0,1060.0,11500
2024-02-26,1062.0,1067.0,1055.0,1058.0,9200
2024-02-27,1062.0,1062.0,1051.0,1055.0,6900
2024-02-28,1055.0,1059.0,1038.0,1046.0,6300
2024-02-29,1045.0,1058.0,1042.0,1049.0,4500
2024-03-01,1050.0,1063.0,1048.0,1063.0,10200
2024-03-04,1063.0,1063.0,1050.0,1050.0,9600
2024-03-05,1042.0,1050.0,1038.0,1043.0,5300
2024-03-06,1043.0,1097.0,1043.0,1089.0,51600
2024-03-07,1089.0,1175.0,1089.0,1165.0,71300
2024-03-08,1164.0,1164.0,1099.0,1122.0,31300
2024-03-11,1092.0,1107.0,1066.0,1066.0,12800
2024-03-12,1066.0,1115.0,1066.0,1107.0,8700
2024-03-13,1115.0,1120.0,1092.0,1110.0,6700
2024-03-14,1080.0,1108.0,1080.0,1102.0,7400
2024-03-15,1089.0,1095.0,1080.0,1080.0,8300
2024-03-18,1080.0,1127.0,1080.0,1084.0,16500
2024-03-19,1088.0,1130.0,1070.0,1110.0,19500
2024-03-21,1122.0,1140.0,1122.0,1133.0,11100
2024-03-22,1139.0,1139.0,1121.0,1136.0,5900
2024-03-25,1132.0,1137.0,1124.0,1127.0,4600
2024-03-26,1128.0,1161.0,1128.0,1160.0,18800
2024-03-27,1162.0,1162.0,1130.0,1145.0,6900
2024-03-28,1145.0,1145.0,1121.0,1121.0,3300
2024-03-29,1122.0,1164.0,1122.0,1164.0,15900
2024-04-01,1170.0,1170.0,1135.0,1155.0,15000
2024-04-02,1155.0,1160.0,1096.0,1108.0,36900
2024-04-03,1105.0,1140.0,1100.0,1121.0,13800
2024-04-04,1123.0,1150.0,1123.0,1149.0,4500
2024-04-05,1131.0,1143.0,1127.0,1134.0,3800
2024-04-08,1135.0,1158.0,1131.0,1148.0,7100
2024-04-09,1143.0,1154.0,1130.0,1146.0,10700
2024-04-10,1128.0,1151.0,1128.0,1131.0,2200
2024-04-11,1127.0,1150.0,1123.0,1140.0,6600
2024-04-12,1147.0,1149.0,1132.0,1146.0,7100
2024-04-15,1127.0,1153.0,1111.0,1137.0,5000
2024-04-16,1126.0,1141.0,1112.0,1130.0,6000
2024-04-17,1130.0,1155.0,1118.0,1149.0,12700
2024-04-18,1140.0,1150.0,1140.0,1147.0,5500
2024-04-19,1146.0,1154.0,1128.0,1134.0,9700
2024-04-22,1132.0,1132.0,1119.0,1122.0,5000
2024-04-23,1125.0,1144.0,1117.0,1134.0,2000
2024-04-24,1130.0,1137.0,1119.0,1120.0,2300
2024-04-25,1119.0,1149.0,1119.0,1129.0,7700
2024-04-26,1089.0,1126.0,1071.0,1101.0,48300
2024-04-30,1101.0,1128.0,1096.0,1120.0,4400
2024-05-01,1119.0,1119.0,1103.0,1118.0,2500
2024-05-02,1118.0,1118.0,1095.0,1099.0,2900
2024-05-07,1090.0,1109.0,1084.0,1093.0,5000
2024-05-08,1085.0,1104.0,1085.0,1095.0,700
2024-05-09,1095.0,1102.0,1086.0,1100.0,2600
2024-05-10,1099.0,1099.0,1083.0,1083.0,2400
2024-05-13,1133.0,1145.0,1120.0,1121.0,32300
2024-05-14,1121.0,1142.0,1121.0,1130.0,11000
2024-05-15,1131.0,1134.0,1122.0,1129.0,3500
2024-05-16,1126.0,1134.0,1119.0,1129.0,7800
2024-05-17,1117.0,1127.0,1116.0,1119.0,2300
2024-05-20,1121.0,1126.0,1112.0,1116.0,3200
2024-05-21,1113.0,1119.0,1095.0,1095.0,13000
2024-05-22,1095.0,1122.0,1095.0,1117.0,3200
2024-05-23,1117.0,1117.0,1103.0,1115.0,2400
2024-05-24,1109.0,1117.0,1101.0,1117.0,2500
2024-05-27,1117.0,1130.0,1106.0,1118.0,3800
2024-05-28,1117.0,1117.0,1106.0,1106.0,1100
2024-05-29,1101.0,1107.0,1087.0,1096.0,8800
2024-05-30,1071.0,1089.0,1056.0,1068.0,9700
2024-05-31,1078.0,1080.0,1064.0,1080.0,2700
2024-06-03,1091.0,1098.0,1078.0,1085.0,5700
2024-06-04,1085.0,1085.0,1068.0,1075.0,9100
2024-06-05,1071.0,1077.0,1065.0,1065.0,2700
2024-06-06,1065.0,1073.0,1052.0,1071.0,4500
2024-06-07,1061.0,1066.0,1051.0,1063.0,5100
2024-06-10,1066.0,1078.0,1056.0,1070.0,4600
2024-06-11,1070.0,1093.0,1070.0,1093.0,6400
2024-06-12,1093.0,1098.0,1093.0,1097.0,2900
2024-06-13,1097.0,1098.0,1084.0,1090.0,4000
2024-06-14,1080.0,1091.0,1073.0,1080.0,3600
2024-06-17,1080.0,1105.0,1080.0,1096.0,10500
2024-06-18,1097.0,1110.0,1086.0,1110.0,6200
2024-06-19,1110.0,1110.0,1097.0,1102.0,8400
2024-06-20,1113.0,1113.0,1098.0,1100.0,7600
2024-06-21,1100.0,1117.0,1100.0,1116.0,4100
2024-06-24,1114.0,1116.0,1110.0,1115.0,4800
2024-06-25,1113.0,1115.0,1098.0,1113.0,6400
2024-06-26,1113.0,1119.0,1100.0,1110.0,7000
2024-06-27,1100.0,1110.0,1097.0,1110.0,2500
2024-06-28,1111.0,1118.0,1110.0,1117.0,17200
2024-07-01,1119.0,1129.0,1111.0,1124.0,33300
2024-07-02,1123.0,1157.0,1120.0,1157.0,23400
2024-07-03,1150.0,1232.0,1141.0,1197.0,41100
2024-07-04,1200.0,1200.0,1176.0,1182.0,7600
2024-07-05,1173.0,1188.0,1156.0,1160.0,9700
2024-07-08,1165.0,1172.0,1140.0,1140.0,17300
2024-07-09,1144.0,1156.0,1113.0,1113.0,25700
2024-07-10,1126.0,1138.0,1102.0,1109.0,27500
2024-07-11,1133.0,1135.0,1096.0,1101.0,36400
2024-07-12,1101.0,1118.0,1098.0,1111.0,11000
2024-07-16,1115.0,1136.0,1106.0,1125.0,18900
2024-07-17,1130.0,1131.0,1116.0,1127.0,10400
2024-07-18,1126.0,1134.0,1119.0,1133.0,11400
2024-07-19,1134.0,1134.0,1105.0,1108.0,26800
2024-07-22,1119.0,1127.0,1110.0,1122.0,24700
2024-07-23,1122.0,1152.0,1118.0,1118.0,28100
2024-07-24,1118.0,1139.0,1107.0,1120.0,32500
2024-07-25,1113.0,1124.0,1111.0,1111.0,11900
2024-07-26,1113.0,1125.0,1111.0,1117.0,7500
2024-07-29,1127.0,1131.0,1105.0,1130.0,18100
2024-07-30,1130.0,1130.0,1113.0,1124.0,10500
2024-07-31,1128.0,1137.0,1123.0,1125.0,11000
2024-08-01,1125.0,1125.0,1114.0,1114.0,12100
2024-08-02,1096.0,1096.0,1053.0,1073.0,33200
2024-08-05,1013.0,1029.0,867.0,897.0,37400
2024-08-06,987.0,1000.0,942.0,996.0,30200
2024-08-07,966.0,1030.0,960.0,1014.0,24300
2024-08-08,991.0,1066.0,991.0,1020.0,17800
2024-08-09,1021.0,1028.0,1020.0,1028.0,3400
2024-08-13,970.0,995.0,935.0,971.0,69200
2024-08-14,986.0,988.0,966.0,988.0,17800
2024-08-15,979.0,989.0,975.0,980.0,8000
2024-08-16,983.0,1000.0,983.0,1000.0,21900
2024-08-19,999.0,1018.0,999.0,1001.0,11300
2024-08-20,1000.0,1011.0,1000.0,1009.0,4800
2024-08-21,1010.0,1047.0,999.0,1032.0,22100
2024-08-22,1029.0,1036.0,1016.0,1022.0,4500
2024-08-23,1016.0,1026.0,1006.0,1013.0,4200
2024-08-26,1014.0,1023.0,1013.0,1013.0,3500
2024-08-27,1013.0,1028.0,1013.0,1019.0,9500
2024-08-28,1019.0,1019.0,1003.0,1008.0,3000
2024-08-29,1004.0,1016.0,1004.0,1008.0,1500
2024-08-30,1003.0,1019.0,1003.0,1007.0,7500
2024-09-02,1007.0,1042.0,996.0,1000.0,48900
2024-09-03,1000.0,1014.0,1000.0,1009.0,4300
2024-09-04,1001.0,1009.0,983.0,1000.0,9100
2024-09-05,990.0,1020.0,990.0,1007.0,7800
2024-09-06,993.0,1015.0,993.0,997.0,3200
2024-09-09,972.0,996.0,967.0,984.0,6800
2024-09-10,986.0,1005.0,974.0,992.0,6600
2024-09-11,992.0,1007.0,978.0,990.0,13700
2024-09-12,990.0,1002.0,982.0,992.0,3900
2024-09-13,989.0,1003.0,985.0,985.0,1100
2024-09-17,985.0,997.0,981.0,986.0,8900
2024-09-18,986.0,994.0,985.0,986.0,1600
2024-09-19,986.0,993.0,986.0,986.0,1800
2024-09-20,988.0,1015.0,988.0,1002.0,15600
2024-09-24,1015.0,1018.0,1002.0,1018.0,9500
2024-09-25,1013.0,1019.0,1011.0,1018.0,1300
2024-09-26,1018.0,1020.0,1009.0,1009.0,4900
2024-09-27,1048.0,1048.0,1007.0,1015.0,9400
2024-09-30,1008.0,1008.0,996.0,1005.0,2700
2024-10-01,1000.0,1015.0,997.0,997.0,9800
2024-10-02,999.0,1000.0,996.0,999.0,36800
2024-10-03,1000.0,1018.0,1000.0,1003.0,6400
2024-10-04,1005.0,1014.0,1005.0,1010.0,1700
2024-10-07,1010.0,1010.0,1005.0,1005.0,2100
2024-10-08,1005.0,1010.0,1001.0,1001.0,5000
2024-10-09,1005.0,1008.0,1000.0,1000.0,2100
2024-10-10,1000.0,1000.0,984.0,985.0,8200
2024-10-11,985.0,991.0,980.0,990.0,4100
2024-10-15,991.0,995.0,983.0,994.0,5400
2024-10-16,984.0,999.0,980.0,980.0,2600
2024-10-17,987.0,997.0,986.0,997.0,700
2024-10-18,994.0,998.0,986.0,986.0,1000
2024-10-21,986.0,995.0,981.0,985.0,3100
2024-10-22,985.0,985.0,967.0,975.0,23600
2024-10-23,975.0,983.0,965.0,965.0,4200
2024-10-24,970.0,980.0,970.0,976.0,1300
2024-10-25,980.0,980.0,952.0,959.0,15200
2024-10-28,961.0,980.0,961.0,967.0,3100
2024-10-29,971.0,972.0,971.0,972.0,200
2024-10-30,975.0,995.0,972.0,981.0,7600
2024-10-31,974.0,980.0,974.0,980.0,700
2024-11-01,980.0,981.0,975.0,975.0,1300
2024-11-05,990.0,990.0,977.0,977.0,10500
2024-11-06,981.0,982.0,977.0,978.0,6400
2024-11-07,978.0,997.0,978.0,995.0,4400
2024-11-08,995.0,995.0,967.0,981.0,27000
2024-11-11,989.0,999.0,971.0,997.0,13700
2024-11-12,1008.0,1040.0,1008.0,1018.0,15400
2024-11-13,1036.0,1036.0,1012.0,1012.0,2600
2024-11-14,1012.0,1020.0,1006.0,1020.0,6200
2024-11-15,1020.0,1035.0,1020.0,1028.0,9200
2024-11-18,1030.0,1030.0,1027.0,1030.0,1200
2024-11-19,1030.0,1034.0,1025.0,1029.0,11400
2024-11-20,1029.0,1032.0,1007.0,1007.0,14300
2024-11-21,1019.0,1019.0,1004.0,1005.0,4600
2024-11-22,1005.0,1034.0,1005.0,1033.0,12700
2024-11-25,1031.0,1031.0,1010.0,1013.0,10900
2024-11-26,1013.0,1020.0,1006.0,1008.0,10700
2024-11-27,1015.0,1015.0,1006.0,1014.0,3600
2024-11-28,1010.0,1018.0,1009.0,1018.0,2500
2024-11-29,1016.0,1021.0,1001.0,1017.0,6600
2024-12-02,1020.0,1024.0,1010.0,1019.0,5700
2024-12-03,1018.0,1023.0,1010.0,1014.0,9100
2024-12-04,1014.0,1014.0,1000.0,1000.0,24100
2024-12-05,1001.0,1010.0,1001.0,1010.0,1600
2024-12-06,1010.0,1010.0,999.0,1000.0,10800
2024-12-09,1007.0,1007.0,1000.0,1000.0,4400
2024-12-10,1004.0,1009.0,1004.0,1007.0,4500
2024-12-11,1009.0,1015.0,1002.0,1004.0,5100
2024-12-12,1006.0,1010.0,1005.0,1005.0,5400
2024-12-13,1008.0,1016.0,1004.0,1008.0,10900
2024-12-16,1008.0,1012.0,1005.0,1012.0,6800
2024-12-17,1012.0,1014.0,1003.0,1004.0,6900
2024-12-18,1004.0,1009.0,1004.0,1005.0,5000
2024-12-19,1001.0,1002.0,998.0,1000.0,9300
2024-12-20,1006.0,1006.0,994.0,999.0,6800
2024-12-23,1001.0,1008.0,999.0,1007.0,9300
2024-12-24,1007.0,1007.0,999.0,1003.0,4100
2024-12-25,1003.0,1008.0,1002.0,1002.0,3200
2024-12-26,1002.0,1007.0,1000.0,1000.0,8800
2024-12-27,1001.0,1010.0,1001.0,1010.0,9600
2024-12-30,1010.0,1010.0,1000.0,1006.0,14000
2025-01-06,1009.0,1021.0,1005.0,1017.0,14300
2025-01-07,1015.0,1027.0,1014.0,1018.0,11200
2025-01-08,1020.0,1026.0,1017.0,1025.0,3400
2025-01-09,1024.0,1024.0,1005.0,1010.0,12200
2025-01-10,1007.0,1013.0,1002.0,1007.0,4400
2025-01-14,1002.0,1003.0,1000.0,1000.0,4800
2025-01-15,1014.0,1014.0,1001.0,1005.0,5900
2025-01-16,1005.0,1011.0,1003.0,1010.0,4200
2025-01-17,1004.0,1010.0,999.0,1003.0,9400
2025-01-20,1004.0,1010.0,1004.0,1005.0,5000
2025-01-21,1010.0,1010.0,1004.0,1004.0,800
2025-01-22,1006.0,1012.0,1005.0,1010.0,3200
2025-01-23,1013.0,1013.0,1006.0,1008.0,700
2025-01-24,1011.0,1013.0,1008.0,1008.0,2400
2025-01-27,1010.0,1018.0,1008.0,1013.0,10100
2025-01-28,1013.0,1020.0,1009.0,1020.0,3700
2025-01-29,1024.0,1024.0,1015.0,1015.0,2200
2025-01-30,1015.0,1017.0,1011.0,1017.0,3900
2025-01-31,1019.0,1022.0,1017.0,1019.0,2400
2025-02-03,1013.0,1022.0,1011.0,1012.0,4400
2025-02-04,1022.0,1022.0,1007.0,1015.0,8900
2025-02-05,1016.0,1023.0,1013.0,1021.0,9900
2025-02-06,1021.0,1024.0,1018.0,1020.0,2300
2025-02-07,1019.0,1025.0,1018.0,1022.0,5600
2025-02-10,1028.0,1028.0,1017.0,1022.0,10000
2025-02-12,1037.0,1044.0,1030.0,1042.0,17800
2025-02-13,1063.0,1076.0,1047.0,1049.0,58500
2025-02-14,1055.0,1060.0,1050.0,1052.0,8700
2025-02-17,1057.0,1080.0,1057.0,1078.0,22000
2025-02-18,1078.0,1078.0,1070.0,1070.0,2300
2025-02-19,1070.0,1070.0,1060.0,1060.0,6700
2025-02-20,1060.0,1065.0,1053.0,1053.0,12400
2025-02-21,1055.0,1068.0,1055.0,1055.0,6400
2025-02-25,1055.0,1058.0,1051.0,1055.0,1600
2025-02-26,1055.0,1056.0,1045.0,1051.0,6300
2025-02-27,1064.0,1064.0,1055.0,1061.0,2300
2025-02-28,1056.0,1063.0,1050.0,1061.0,8700
2025-03-03,1060.0,1068.0,1054.0,1066.0,3400
2025-03-04,1065.0,1065.0,1042.0,1065.0,5900
2025-03-05,1053.0,1056.0,1051.0,1054.0,3500
2025-03-06,1055.0,1062.0,1055.0,1057.0,2500
2025-03-07,1055.0,1062.0,1054.0,1056.0,3700
2025-03-10,1063.0,1065.0,1054.0,1059.0,5100
2025-03-11,1053.0,1058.0,1044.0,1052.0,8800
2025-03-12,1050.0,1067.0,1050.0,1067.0,8400
2025-03-13,1066.0,1067.0,1061.0,1065.0,1400
2025-03-14,1062.0,1064.0,1052.0,1059.0,3800
2025-03-17,1063.0,1076.0,1060.0,1062.0,7000
2025-03-18,1056.0,1064.0,1050.0,1063.0,6000
2025-03-19,1066.0,1067.0,1062.0,1065.0,4600
2025-03-21,1067.0,1085.0,1067.0,1071.0,14800
2025-03-24,1080.0,1083.0,1073.0,1078.0,6000
2025-03-25,1080.0,1088.0,1080.0,1088.0,4200
2025-03-26,1090.0,1095.0,1076.0,1083.0,12000
2025-03-27,1074.0,1085.0,1074.0,1077.0,2900
2025-03-28,1055.0,1063.0,1040.0,1045.0,10200
2025-03-31,1043.0,1043.0,1029.0,1032.0,10100
2025-04-01,1034.0,1046.0,1034.0,1043.0,2900
2025-04-02,1048.0,1051.0,1027.0,1033.0,4300
2025-04-03,1000.0,1031.0,1000.0,1015.0,13700
2025-04-04,982.0,998.0,960.0,976.0,30500
2025-04-07,928.0,975.0,913.0,926.0,46500
2025-04-08,971.0,980.0,952.0,959.0,13200
2025-04-09,945.0,984.0,945.0,962.0,11900
2025-04-10,1024.0,1024.0,979.0,987.0,4600
2025-04-11,981.0,999.0,969.0,997.0,5700
2025-04-14,1007.0,1009.0,991.0,997.0,3500
2025-04-15,1000.0,1014.0,997.0,1014.0,1500
2025-04-16,1015.0,1015.0,993.0,995.0,9900
2025-04-17,992.0,1005.0,992.0,1004.0,1300
2025-04-18,998.0,1013.0,976.0,1013.0,7000
2025-04-21,1013.0,1015.0,1002.0,1004.0,3100
2025-04-22,1002.0,1012.0,1002.0,1008.0,3900
2025-04-23,1009.0,1015.0,1009.0,1015.0,3800
2025-04-24,1012.0,1014.0,1010.0,1010.0,1700
2025-04-25,1010.0,1015.0,1007.0,1015.0,2600
2025-04-28,1015.0,1015.0,1005.0,1007.0,10300
2025-04-30,1012.0,1023.0,1012.0,1023.0,6600
2025-05-01,1023.0,1031.0,1017.0,1026.0,5500
2025-05-02,1034.0,1034.0,1026.0,1026.0,2700
2025-05-07,1031.0,1042.0,1031.0,1038.0,3000
2025-05-08,1038.0,1038.0,1030.0,1037.0,3600
2025-05-09,1037.0,1043.0,1036.0,1039.0,4400
2025-05-12,1048.0,1082.0,1046.0,1072.0,28500
2025-05-13,1030.0,1072.0,1017.0,1031.0,82600
2025-05-14,1031.0,1031.0,1012.0,1018.0,14100
2025-05-15,1017.0,1080.0,1012.0,1022.0,124900
2025-05-16,1019.0,1029.0,1018.0,1022.0,12500
2025-05-19,1036.0,1037.0,1021.0,1021.0,8500
2025-05-20,1023.0,1030.0,1015.0,1022.0,15800
2025-05-21,1035.0,1035.0,1020.0,1032.0,14100
2025-05-22,1030.0,1036.0,1023.0,1024.0,6800
2025-05-23,1028.0,1028.0,1020.0,1020.0,4300
2025-05-26,1023.0,1031.0,1020.0,1027.0,13200
2025-05-27,1030.0,1031.0,1026.0,1028.0,3800
2025-05-28,1030.0,1037.0,1026.0,1028.0,7800
2025-05-29,1029.0,1035.0,1029.0,1029.0,6500
2025-05-30,1031.0,1040.0,1030.0,1034.0,7800
2025-06-02,1042.0,1042.0,1039.0,1039.0,1500
2025-06-03,1043.0,1054.0,1042.0,1045.0,4800
2025-06-04,1043.0,1049.0,1038.0,1049.0,3600
2025-06-05,1044.0,1051.0,1044.0,1046.0,7600
2025-06-06,1042.0,1045.0,1039.0,1045.0,2800
2025-06-09,1048.0,1051.0,1032.0,1040.0,21200
2025-06-10,1041.0,1044.0,1034.0,1034.0,13900
2025-06-11,1043.0,1045.0,1040.0,1041.0,2900
2025-06-12,1043.0,1061.0,1043.0,1051.0,11800
2025-06-13,1060.0,1060.0,1047.0,1052.0,9700
2025-06-16,1059.0,1059.0,1046.0,1058.0,4300
2025-06-17,1060.0,1085.0,1058.0,1085.0,6400
2025-06-18,1082.0,1099.0,1073.0,1086.0,13700
2025-06-19,1086.0,1100.0,1085.0,1098.0,6700
2025-06-20,1103.0,1133.0,1103.0,1103.0,32200
2025-06-23,1098.0,1098.0,1082.0,1090.0,6000
2025-06-24,1090.0,1100.0,1090.0,1095.0,8500
2025-06-25,1104.0,1135.0,1104.0,1109.0,17500
2025-06-26,1109.0,1124.0,1105.0,1119.0,33300
2025-06-27,1130.0,1130.0,1100.0,1113.0,5000
2025-06-30,1114.0,1128.0,1110.0,1114.0,5600
2025-07-01,1109.0,1109.0,1088.0,1100.0,8900
2025-07-02,1106.0,1106.0,1090.0,1103.0,5700
2025-07-03,1095.0,1103.0,1095.0,1102.0,3500
2025-07-04,1100.0,1110.0,1100.0,1106.0,3000
2025-07-07,1114.0,1118.0,1103.0,1116.0,4500
2025-07-08,1119.0,1137.0,1119.0,1137.0,4500
2025-07-09,1138.0,1144.0,1131.0,1133.0,4600
2025-07-10,1138.0,1148.0,1133.0,1143.0,4400
2025-07-11,1143.0,1148.0,1140.0,1146.0,2900
2025-07-14,1140.0,1146.0,1131.0,1136.0,5400
2025-07-15,1136.0,1140.0,1131.0,1140.0,3600
2025-07-16,1133.0,1140.0,1133.0,1139.0,5300
2025-07-17,1132.0,1133.0,1115.0,1125.0,7500
2025-07-18,1125.0,1125.0,1117.0,1125.0,2000
2025-07-22,1129.0,1136.0,1119.0,1127.0,3300
2025-07-23,1127.0,1136.0,1127.0,1136.0,2800
2025-07-24,1136.0,1144.0,1130.0,1144.0,6900
2025-07-25,1145.0,1151.0,1139.0,1151.0,11800
2025-07-28,1157.0,1158.0,1151.0,1154.0,7200
2025-07-29,1154.0,1157.0,1143.0,1157.0,3700
2025-07-30,1157.0,1159.0,1152.0,1157.0,4100
2025-07-31,1159.0,1179.0,1153.0,1165.0,14100
2025-08-01,1165.0,1178.0,1165.0,1173.0,4600
2025-08-04,1168.0,1168.0,1133.0,1163.0,11600
2025-08-05,1163.0,1170.0,1161.0,1161.0,4400
2025-08-06,1161.0,1175.0,1159.0,1172.0,5900
2025-08-07,1160.0,1176.0,1150.0,1176.0,5800
2025-08-08,1180.0,1189.0,1163.0,1163.0,6100
2025-08-12,1330.0,1335.0,1300.0,1321.0,57300
2025-08-13,1322.0,1350.0,1312.0,1347.0,25600
2025-08-14,1347.0,1349.0,1334.0,1342.0,12200
2025-08-15,1350.0,1350.0,1319.0,1324.0,16100
2025-08-18,1331.0,1364.0,1331.0,1364.0,17300
2025-08-19,1358.0,1420.0,1356.0,1420.0,47100
2025-08-20,1450.0,1542.0,1430.0,1474.0,70400
2025-08-21,1499.0,1664.0,1450.0,1502.0,150000
2025-08-22,1570.0,1710.0,1527.0,1546.0,184700
2025-08-25,1600.0,1685.0,1546.0,1572.0,74900
2025-08-26,1545.0,1545.0,1417.0,1449.0,64600
2025-08-27,1440.0,1473.0,1414.0,1459.0,26300
2025-08-28,1460.0,1464.0,1425.0,1425.0,16800
2025-08-29,1426.0,1485.0,1419.0,1476.0,19600
2025-09-01,1491.0,1491.0,1440.0,1459.0,19500
2025-09-02,1450.0,1456.0,1435.0,1452.0,10300
2025-09-03,1453.0,1474.0,1450.0,1473.0,11300
2025-09-04,1480.0,1551.0,1480.0,1542.0,31700
2025-09-05,1539.0,1539.0,1493.0,1516.0,13500
2025-09-08,1522.0,1522.0,1481.0,1481.0,14600
2025-09-09,1481.0,1493.0,1463.0,1470.0,14200
2025-09-10,1459.0,1473.0,1458.0,1459.0,6300
2025-09-11,1454.0,1476.0,1451.0,1466.0,9200
2025-09-12,1448.0,1459.0,1425.0,1447.0,22500
2025-09-16,1437.0,1437.0,1410.0,1426.0,17200
2025-09-17,1422.0,1423.0,1388.0,1393.0,20000
2025-09-18,1403.0,1472.0,1396.0,1472.0,16300
2025-09-19,1486.0,1509.0,1461.0,1487.0,25700
2025-09-22,1492.0,1496.0,1476.0,1482.0,8200
2025-09-24,1489.0,1489.0,1465.0,1468.0,6300
2025-09-25,1475.0,1475.0,1453.0,1453.0,4600
2025-09-26,1453.0,1472.0,1453.0,1455.0,6000
2025-09-29,1455.0,1489.0,1455.0,1480.0,6800
2025-09-30,1480.0,1525.0,1468.0,1525.0,27200
2025-10-01,1488.0,1499.0,1431.0,1440.0,46600
2025-10-02,1442.0,1455.0,1419.0,1421.0,6100
2025-10-03,1420.0,1446.0,1420.0,1428.0,5500
2025-10-06,1449.0,1453.0,1425.0,1434.0,8600
2025-10-07,1435.0,1445.0,1420.0,1431.0,11000
2025-10-08,1425.0,1451.0,1423.0,1440.0,4300
2025-10-09,1440.0,1456.0,1436.0,1441.0,7900
2025-10-10,1441.0,1467.0,1441.0,1446.0,11100
2025-10-14,1416.0,1442.0,1375.0,1381.0,26500
2025-10-15,1404.0,1430.0,1404.0,1425.0,6200
2025-10-16,1455.0,1464.0,1444.0,1451.0,11500
2025-10-17,1447.0,1449.0,1431.0,1439.0,6200
2025-10-20,1466.0,1473.0,1451.0,1451.0,7500
2025-10-21,1450.0,1526.0,1444.0,1490.0,43400
2025-10-22,1487.0,1520.0,1487.0,1520.0,11200
2025-10-23,1503.0,1540.0,1502.0,1525.0,7800
2025-10-24,1525.0,1547.0,1515.0,1527.0,8700
2025-10-27,1545.0,1545.0,1518.0,1525.0,7100
2025-10-28,1506.0,1518.0,1495.0,1501.0,7100
2025-10-29,1500.0,1500.0,1460.0,1465.0,8400
2025-10-30,1454.0,1471.0,1448.0,1451.0,4000
2025-10-31,1450.0,1515.0,1450.0,1515.0,10700
2025-11-04,1515.0,1535.0,1508.0,1508.0,7100
2025-11-05,1504.0,1505.0,1473.0,1490.0,7300
2025-11-06,1505.0,1517.0,1490.0,1513.0,8600
2025-11-07,1479.0,1502.0,1477.0,1493.0,6600
2025-11-10,1481.0,1540.0,1480.0,1516.0,26400
2025-11-11,1356.0,1380.0,1337.0,1370.0,89500
2025-11-12,1361.0,1368.0,1356.0,1368.0,26100
2025-11-13,1372.0,1372.0,1354.0,1360.0,10400
2025-11-14,1352.0,1359.0,1328.0,1329.0,29500
2025-11-17,1326.0,1326.0,1295.0,1303.0,36900
2025-11-18,1294.0,1294.0,1267.0,1276.0,35500
2025-11-19,1276.0,1292.0,1276.0,1282.0,9900
2025-11-20,1285.0,1299.0,1282.0,1291.0,5500
2025-11-21,1280.0,1312.0,1280.0,1312.0,8600
2025-11-25,1313.0,1318.0,1294.0,1294.0,11500
2025-11-26,1295.0,1314.0,1294.0,1307.0,5100
2025-11-27,1308.0,1340.0,1308.0,1334.0,13500
2025-11-28,1339.0,1356.0,1339.0,1352.0,8600
2025-12-01,1353.0,1362.0,1334.0,1334.0,9000
2025-12-02,1338.0,1347.0,1333.0,1333.0,3400
2025-12-03,1333.0,1356.0,1331.0,1343.0,5700
2025-12-04,1343.0,1358.0,1339.0,1351.0,4600
2025-12-05,1347.0,1361.0,1346.0,1360.0,3100
2025-12-08,1361.0,1378.0,1358.0,1362.0,9100
2025-12-09,1362.0,1367.0,1356.0,1361.0,2100
2025-12-10,1361.0,1395.0,1361.0,1377.0,11400
2025-12-11,1376.0,1388.0,1365.0,1366.0,6400
2025-12-12,1375.0,1380.0,1367.0,1367.0,3000
2025-12-15,1367.0,1373.0,1367.0,1367.0,4100
2025-12-16,1368.0,1372.0,1354.0,1365.0,5700
2025-12-17,1365.0,1380.0,1359.0,1377.0,5900
2025-12-18,1379.0,1379.0,1360.0,1375.0,5200
2025-12-19,1374.0,1375.0,1361.0,1363.0,2000
2025-12-22,1363.0,1373.0,1359.0,1363.0,3700
2025-12-23,1353.0,1370.0,1353.0,1363.0,6300
2025-12-24,1355.0,1364.0,1355.0,1362.0,4900
2025-12-25,1362.0,1372.0,1358.0,1368.0,6500
2025-12-26,1362.0,1369.0,1360.0,1367.0,2700
2025-12-29,1370.0,1384.0,1361.0,1362.0,7300
2025-12-30,1360.0,1370.0,1351.0,1356.0,12300
2026-01-05,1359.0,1364.0,1351.0,1352.0,9300
2026-01-06,1356.0,1399.0,1353.0,1391.0,9600
2026-01-07,1381.0,1391.0,1370.0,1380.0,9900
2026-01-08,1374.0,1385.0,1371.0,1374.0,5600
2026-01-09,1374.0,1392.0,1374.0,1392.0,5000
2026-01-13,1394.0,1395.0,1384.0,1384.0,4800
2026-01-14,1382.0,1399.0,1379.0,1382.0,4000
2026-01-15,1375.0,1395.0,1375.0,1395.0,20000
2026-01-16,1395.0,1402.0,1389.0,1394.0,6500
2026-01-19,1395.0,1414.0,1395.0,1411.0,3200
2026-01-20,1415.0,1434.0,1415.0,1434.0,5800
2026-01-21,1420.0,1425.0,1403.0,1424.0,5000
2026-01-22,1424.0,1424.0,1410.0,1410.0,1200
2026-01-23,1410.0,1411.0,1404.0,1407.0,2300
2026-01-26,1408.0,1408.0,1391.0,1396.0,4600
2026-01-27,1408.0,1408.0,1399.0,1400.0,3100
2026-01-28,1394.0,1396.0,1369.0,1369.0,9100
2026-01-29,1374.0,1384.0,1360.0,1374.0,2600
2026-01-30,1362.0,1362.0,1341.0,1347.0,12900
2026-02-02,1352.0,1352.0,1341.0,1344.0,10100
2026-02-03,1357.0,1380.0,1345.0,1369.0,5700
2026-02-04,1367.0,1369.0,1313.0,1318.0,47500
2026-02-05,1330.0,1355.0,1318.0,1341.0,19300
2026-02-06,1313.0,1321.0,1218.0,1252.0,130200
2026-02-09,1263.0,1288.0,1253.0,1285.0,23600
2026-02-10,1290.0,1295.0,1285.0,1288.0,22400
2026-02-12,1380.0,1426.0,1371.0,1426.0,75200
2026-02-13,1419.0,1442.0,1401.0,1407.0,40400
2026-02-16,1437.0,1437.0,1410.0,1428.0,16500
2026-02-17,1430.0,1443.0,1412.0,1412.0,4200
2026-02-18,1428.0,1428.0,1408.0,1410.0,7100
2026-02-19,1409.0,1420.0,1403.0,1420.0,8500
2026-02-20,1402.0,1433.0,1402.0,1402.0,8400
2026-02-24,1400.0,1419.0,1360.0,1366.0,18100
2026-02-25,1361.0,1376.0,1356.0,1360.0,12000
2026-02-26,1364.0,1387.0,1357.0,1385.0,9600
2026-02-27,1383.0,1423.0,1373.0,1420.0,5700
2026-03-02,1420.0,1427.0,1398.0,1403.0,9500
2026-03-03,1396.0,1400.0,1382.0,1395.0,10400
2026-03-04,1382.0,1396.0,1351.0,1384.0,23000
2026-03-05,1412.0,1419.0,1395.0,1401.0,15900
2026-03-06,1386.0,1412.0,1386.0,1401.0,4000
2026-03-09,1401.0,1439.0,1365.0,1439.0,29600
2026-03-10,1450.0,1480.0,1450.0,1455.0,8000
2026-03-11,1459.0,1468.0,1445.0,1447.0,5200
2026-03-12,1436.0,1450.0,1427.0,1427.0,9800
2026-03-13,1409.0,1427.0,1402.0,1406.0,20800
2026-03-16,1406.0,1433.0,1404.0,1419.0,6700
2026-03-17,1438.0,1438.0,1405.0,1405.0,2300
2026-03-18,1406.0,1421.0,1404.0,1412.0,6600
2026-03-19,1410.0,1412.0,1397.0,1407.0,17600
2026-03-23,1393.0,1399.0,1320.0,1327.0,44100
2026-03-24,1357.0,1360.0,1335.0,1351.0,6900
2026-03-25,1351.0,1371.0,1351.0,1367.0,6300
2026-03-26,1368.0,1368.0,1343.0,1348.0,12000
2026-03-27,1333.0,1365.0,1333.0,1365.0,5200
2026-03-30,1285.0,1315.0,1270.0,1300.0,18100
2026-03-31,1302.0,1315.0,1297.0,1297.0,2500
2026-04-01,1324.0,1349.0,1314.0,1344.0,6200
2026-04-02,1345.0,1350.0,1320.0,1322.0,4200
2026-04-03,1322.0,1326.0,1306.0,1326.0,7500
2026-04-06,1326.0,1376.0,1326.0,1346.0,5300
2026-04-07,1346.0,1354.0,1329.0,1329.0,2200
2026-04-08,1352.0,1357.0,1348.0,1348.0,5300
2026-04-09,1337.0,1342.0,1318.0,1336.0,11300
2026-04-10,1336.0,1336.0,1301.0,1307.0,10000
2026-04-13,1302.0,1302.0,1278.0,1278.0,7600
